-- MySQL dump 10.13  Distrib 8.0.41, for Linux (x86_64)
--
-- Host: localhost    Database: simple-lms
-- ------------------------------------------------------
-- Server version	8.0.41-0ubuntu0.22.04.1

/*!40101 SET @OLD_CHARACTER_SET_CLIENT=@@CHARACTER_SET_CLIENT */;
/*!40101 SET @OLD_CHARACTER_SET_RESULTS=@@CHARACTER_SET_RESULTS */;
/*!40101 SET @OLD_COLLATION_CONNECTION=@@COLLATION_CONNECTION */;
/*!50503 SET NAMES utf8mb4 */;
/*!40103 SET @OLD_TIME_ZONE=@@TIME_ZONE */;
/*!40103 SET TIME_ZONE='+00:00' */;
/*!40014 SET @OLD_UNIQUE_CHECKS=@@UNIQUE_CHECKS, UNIQUE_CHECKS=0 */;
/*!40014 SET @OLD_FOREIGN_KEY_CHECKS=@@FOREIGN_KEY_CHECKS, FOREIGN_KEY_CHECKS=0 */;
/*!40101 SET @OLD_SQL_MODE=@@SQL_MODE, SQL_MODE='NO_AUTO_VALUE_ON_ZERO' */;
/*!40111 SET @OLD_SQL_NOTES=@@SQL_NOTES, SQL_NOTES=0 */;

--
-- Table structure for table `cache`
--

DROP TABLE IF EXISTS `cache`;
/*!40101 SET @saved_cs_client     = @@character_set_client */;
/*!50503 SET character_set_client = utf8mb4 */;
CREATE TABLE `cache` (
  `key` varchar(255) COLLATE utf8mb4_unicode_ci NOT NULL,
  `value` mediumtext COLLATE utf8mb4_unicode_ci NOT NULL,
  `expiration` int NOT NULL,
  PRIMARY KEY (`key`)
) ENGINE=InnoDB DEFAULT CHARSET=utf8mb4 COLLATE=utf8mb4_unicode_ci;
/*!40101 SET character_set_client = @saved_cs_client */;

--
-- Dumping data for table `cache`
--

LOCK TABLES `cache` WRITE;
/*!40000 ALTER TABLE `cache` DISABLE KEYS */;
INSERT INTO `cache` VALUES ('laravel_cache_spatie.permission.cache','a:3:{s:5:\"alias\";a:4:{s:1:\"a\";s:2:\"id\";s:1:\"b\";s:4:\"name\";s:1:\"c\";s:10:\"guard_name\";s:1:\"r\";s:5:\"roles\";}s:11:\"permissions\";a:66:{i:0;a:4:{s:1:\"a\";i:1;s:1:\"b\";s:9:\"view_role\";s:1:\"c\";s:3:\"web\";s:1:\"r\";a:1:{i:0;i:1;}}i:1;a:4:{s:1:\"a\";i:2;s:1:\"b\";s:13:\"view_any_role\";s:1:\"c\";s:3:\"web\";s:1:\"r\";a:1:{i:0;i:1;}}i:2;a:4:{s:1:\"a\";i:3;s:1:\"b\";s:11:\"create_role\";s:1:\"c\";s:3:\"web\";s:1:\"r\";a:1:{i:0;i:1;}}i:3;a:4:{s:1:\"a\";i:4;s:1:\"b\";s:11:\"update_role\";s:1:\"c\";s:3:\"web\";s:1:\"r\";a:1:{i:0;i:1;}}i:4;a:4:{s:1:\"a\";i:5;s:1:\"b\";s:11:\"delete_role\";s:1:\"c\";s:3:\"web\";s:1:\"r\";a:1:{i:0;i:1;}}i:5;a:4:{s:1:\"a\";i:6;s:1:\"b\";s:15:\"delete_any_role\";s:1:\"c\";s:3:\"web\";s:1:\"r\";a:1:{i:0;i:1;}}i:6;a:4:{s:1:\"a\";i:7;s:1:\"b\";s:15:\"view_discussion\";s:1:\"c\";s:3:\"web\";s:1:\"r\";a:3:{i:0;i:1;i:1;i:2;i:2;i:3;}}i:7;a:4:{s:1:\"a\";i:8;s:1:\"b\";s:19:\"view_any_discussion\";s:1:\"c\";s:3:\"web\";s:1:\"r\";a:3:{i:0;i:1;i:1;i:2;i:2;i:3;}}i:8;a:4:{s:1:\"a\";i:9;s:1:\"b\";s:17:\"create_discussion\";s:1:\"c\";s:3:\"web\";s:1:\"r\";a:3:{i:0;i:1;i:1;i:2;i:2;i:3;}}i:9;a:4:{s:1:\"a\";i:10;s:1:\"b\";s:17:\"update_discussion\";s:1:\"c\";s:3:\"web\";s:1:\"r\";a:2:{i:0;i:1;i:1;i:3;}}i:10;a:4:{s:1:\"a\";i:11;s:1:\"b\";s:18:\"restore_discussion\";s:1:\"c\";s:3:\"web\";s:1:\"r\";a:2:{i:0;i:1;i:1;i:3;}}i:11;a:4:{s:1:\"a\";i:12;s:1:\"b\";s:22:\"restore_any_discussion\";s:1:\"c\";s:3:\"web\";s:1:\"r\";a:2:{i:0;i:1;i:1;i:3;}}i:12;a:4:{s:1:\"a\";i:13;s:1:\"b\";s:20:\"replicate_discussion\";s:1:\"c\";s:3:\"web\";s:1:\"r\";a:2:{i:0;i:1;i:1;i:3;}}i:13;a:4:{s:1:\"a\";i:14;s:1:\"b\";s:18:\"reorder_discussion\";s:1:\"c\";s:3:\"web\";s:1:\"r\";a:2:{i:0;i:1;i:1;i:3;}}i:14;a:4:{s:1:\"a\";i:15;s:1:\"b\";s:17:\"delete_discussion\";s:1:\"c\";s:3:\"web\";s:1:\"r\";a:2:{i:0;i:1;i:1;i:3;}}i:15;a:4:{s:1:\"a\";i:16;s:1:\"b\";s:21:\"delete_any_discussion\";s:1:\"c\";s:3:\"web\";s:1:\"r\";a:2:{i:0;i:1;i:1;i:3;}}i:16;a:4:{s:1:\"a\";i:17;s:1:\"b\";s:23:\"force_delete_discussion\";s:1:\"c\";s:3:\"web\";s:1:\"r\";a:2:{i:0;i:1;i:1;i:3;}}i:17;a:4:{s:1:\"a\";i:18;s:1:\"b\";s:27:\"force_delete_any_discussion\";s:1:\"c\";s:3:\"web\";s:1:\"r\";a:2:{i:0;i:1;i:1;i:3;}}i:18;a:4:{s:1:\"a\";i:19;s:1:\"b\";s:10:\"view_group\";s:1:\"c\";s:3:\"web\";s:1:\"r\";a:3:{i:0;i:1;i:1;i:2;i:2;i:3;}}i:19;a:4:{s:1:\"a\";i:20;s:1:\"b\";s:14:\"view_any_group\";s:1:\"c\";s:3:\"web\";s:1:\"r\";a:3:{i:0;i:1;i:1;i:2;i:2;i:3;}}i:20;a:4:{s:1:\"a\";i:21;s:1:\"b\";s:12:\"create_group\";s:1:\"c\";s:3:\"web\";s:1:\"r\";a:3:{i:0;i:1;i:1;i:2;i:2;i:3;}}i:21;a:4:{s:1:\"a\";i:22;s:1:\"b\";s:12:\"update_group\";s:1:\"c\";s:3:\"web\";s:1:\"r\";a:3:{i:0;i:1;i:1;i:2;i:2;i:3;}}i:22;a:4:{s:1:\"a\";i:23;s:1:\"b\";s:13:\"restore_group\";s:1:\"c\";s:3:\"web\";s:1:\"r\";a:2:{i:0;i:1;i:1;i:3;}}i:23;a:4:{s:1:\"a\";i:24;s:1:\"b\";s:17:\"restore_any_group\";s:1:\"c\";s:3:\"web\";s:1:\"r\";a:2:{i:0;i:1;i:1;i:3;}}i:24;a:4:{s:1:\"a\";i:25;s:1:\"b\";s:15:\"replicate_group\";s:1:\"c\";s:3:\"web\";s:1:\"r\";a:2:{i:0;i:1;i:1;i:3;}}i:25;a:4:{s:1:\"a\";i:26;s:1:\"b\";s:13:\"reorder_group\";s:1:\"c\";s:3:\"web\";s:1:\"r\";a:2:{i:0;i:1;i:1;i:3;}}i:26;a:4:{s:1:\"a\";i:27;s:1:\"b\";s:12:\"delete_group\";s:1:\"c\";s:3:\"web\";s:1:\"r\";a:2:{i:0;i:1;i:1;i:3;}}i:27;a:4:{s:1:\"a\";i:28;s:1:\"b\";s:16:\"delete_any_group\";s:1:\"c\";s:3:\"web\";s:1:\"r\";a:2:{i:0;i:1;i:1;i:3;}}i:28;a:4:{s:1:\"a\";i:29;s:1:\"b\";s:18:\"force_delete_group\";s:1:\"c\";s:3:\"web\";s:1:\"r\";a:2:{i:0;i:1;i:1;i:3;}}i:29;a:4:{s:1:\"a\";i:30;s:1:\"b\";s:22:\"force_delete_any_group\";s:1:\"c\";s:3:\"web\";s:1:\"r\";a:2:{i:0;i:1;i:1;i:3;}}i:30;a:4:{s:1:\"a\";i:31;s:1:\"b\";s:9:\"view_room\";s:1:\"c\";s:3:\"web\";s:1:\"r\";a:3:{i:0;i:1;i:1;i:2;i:2;i:3;}}i:31;a:4:{s:1:\"a\";i:32;s:1:\"b\";s:13:\"view_any_room\";s:1:\"c\";s:3:\"web\";s:1:\"r\";a:3:{i:0;i:1;i:1;i:2;i:2;i:3;}}i:32;a:4:{s:1:\"a\";i:33;s:1:\"b\";s:11:\"create_room\";s:1:\"c\";s:3:\"web\";s:1:\"r\";a:2:{i:0;i:1;i:1;i:3;}}i:33;a:4:{s:1:\"a\";i:34;s:1:\"b\";s:11:\"update_room\";s:1:\"c\";s:3:\"web\";s:1:\"r\";a:3:{i:0;i:1;i:1;i:2;i:2;i:3;}}i:34;a:4:{s:1:\"a\";i:35;s:1:\"b\";s:12:\"restore_room\";s:1:\"c\";s:3:\"web\";s:1:\"r\";a:2:{i:0;i:1;i:1;i:3;}}i:35;a:4:{s:1:\"a\";i:36;s:1:\"b\";s:16:\"restore_any_room\";s:1:\"c\";s:3:\"web\";s:1:\"r\";a:2:{i:0;i:1;i:1;i:3;}}i:36;a:4:{s:1:\"a\";i:37;s:1:\"b\";s:14:\"replicate_room\";s:1:\"c\";s:3:\"web\";s:1:\"r\";a:2:{i:0;i:1;i:1;i:3;}}i:37;a:4:{s:1:\"a\";i:38;s:1:\"b\";s:12:\"reorder_room\";s:1:\"c\";s:3:\"web\";s:1:\"r\";a:2:{i:0;i:1;i:1;i:3;}}i:38;a:4:{s:1:\"a\";i:39;s:1:\"b\";s:11:\"delete_room\";s:1:\"c\";s:3:\"web\";s:1:\"r\";a:2:{i:0;i:1;i:1;i:3;}}i:39;a:4:{s:1:\"a\";i:40;s:1:\"b\";s:15:\"delete_any_room\";s:1:\"c\";s:3:\"web\";s:1:\"r\";a:2:{i:0;i:1;i:1;i:3;}}i:40;a:4:{s:1:\"a\";i:41;s:1:\"b\";s:17:\"force_delete_room\";s:1:\"c\";s:3:\"web\";s:1:\"r\";a:2:{i:0;i:1;i:1;i:3;}}i:41;a:4:{s:1:\"a\";i:42;s:1:\"b\";s:21:\"force_delete_any_room\";s:1:\"c\";s:3:\"web\";s:1:\"r\";a:2:{i:0;i:1;i:1;i:3;}}i:42;a:4:{s:1:\"a\";i:43;s:1:\"b\";s:15:\"view_submission\";s:1:\"c\";s:3:\"web\";s:1:\"r\";a:3:{i:0;i:1;i:1;i:2;i:2;i:3;}}i:43;a:4:{s:1:\"a\";i:44;s:1:\"b\";s:19:\"view_any_submission\";s:1:\"c\";s:3:\"web\";s:1:\"r\";a:3:{i:0;i:1;i:1;i:2;i:2;i:3;}}i:44;a:4:{s:1:\"a\";i:45;s:1:\"b\";s:17:\"create_submission\";s:1:\"c\";s:3:\"web\";s:1:\"r\";a:3:{i:0;i:1;i:1;i:2;i:2;i:3;}}i:45;a:4:{s:1:\"a\";i:46;s:1:\"b\";s:17:\"update_submission\";s:1:\"c\";s:3:\"web\";s:1:\"r\";a:2:{i:0;i:1;i:1;i:3;}}i:46;a:4:{s:1:\"a\";i:47;s:1:\"b\";s:18:\"restore_submission\";s:1:\"c\";s:3:\"web\";s:1:\"r\";a:2:{i:0;i:1;i:1;i:3;}}i:47;a:4:{s:1:\"a\";i:48;s:1:\"b\";s:22:\"restore_any_submission\";s:1:\"c\";s:3:\"web\";s:1:\"r\";a:2:{i:0;i:1;i:1;i:3;}}i:48;a:4:{s:1:\"a\";i:49;s:1:\"b\";s:20:\"replicate_submission\";s:1:\"c\";s:3:\"web\";s:1:\"r\";a:2:{i:0;i:1;i:1;i:3;}}i:49;a:4:{s:1:\"a\";i:50;s:1:\"b\";s:18:\"reorder_submission\";s:1:\"c\";s:3:\"web\";s:1:\"r\";a:2:{i:0;i:1;i:1;i:3;}}i:50;a:4:{s:1:\"a\";i:51;s:1:\"b\";s:17:\"delete_submission\";s:1:\"c\";s:3:\"web\";s:1:\"r\";a:3:{i:0;i:1;i:1;i:2;i:2;i:3;}}i:51;a:4:{s:1:\"a\";i:52;s:1:\"b\";s:21:\"delete_any_submission\";s:1:\"c\";s:3:\"web\";s:1:\"r\";a:2:{i:0;i:1;i:1;i:3;}}i:52;a:4:{s:1:\"a\";i:53;s:1:\"b\";s:23:\"force_delete_submission\";s:1:\"c\";s:3:\"web\";s:1:\"r\";a:2:{i:0;i:1;i:1;i:3;}}i:53;a:4:{s:1:\"a\";i:54;s:1:\"b\";s:27:\"force_delete_any_submission\";s:1:\"c\";s:3:\"web\";s:1:\"r\";a:2:{i:0;i:1;i:1;i:3;}}i:54;a:4:{s:1:\"a\";i:55;s:1:\"b\";s:9:\"view_user\";s:1:\"c\";s:3:\"web\";s:1:\"r\";a:1:{i:0;i:1;}}i:55;a:4:{s:1:\"a\";i:56;s:1:\"b\";s:13:\"view_any_user\";s:1:\"c\";s:3:\"web\";s:1:\"r\";a:1:{i:0;i:1;}}i:56;a:4:{s:1:\"a\";i:57;s:1:\"b\";s:11:\"create_user\";s:1:\"c\";s:3:\"web\";s:1:\"r\";a:1:{i:0;i:1;}}i:57;a:4:{s:1:\"a\";i:58;s:1:\"b\";s:11:\"update_user\";s:1:\"c\";s:3:\"web\";s:1:\"r\";a:1:{i:0;i:1;}}i:58;a:4:{s:1:\"a\";i:59;s:1:\"b\";s:12:\"restore_user\";s:1:\"c\";s:3:\"web\";s:1:\"r\";a:1:{i:0;i:1;}}i:59;a:4:{s:1:\"a\";i:60;s:1:\"b\";s:16:\"restore_any_user\";s:1:\"c\";s:3:\"web\";s:1:\"r\";a:1:{i:0;i:1;}}i:60;a:4:{s:1:\"a\";i:61;s:1:\"b\";s:14:\"replicate_user\";s:1:\"c\";s:3:\"web\";s:1:\"r\";a:1:{i:0;i:1;}}i:61;a:4:{s:1:\"a\";i:62;s:1:\"b\";s:12:\"reorder_user\";s:1:\"c\";s:3:\"web\";s:1:\"r\";a:1:{i:0;i:1;}}i:62;a:4:{s:1:\"a\";i:63;s:1:\"b\";s:11:\"delete_user\";s:1:\"c\";s:3:\"web\";s:1:\"r\";a:1:{i:0;i:1;}}i:63;a:4:{s:1:\"a\";i:64;s:1:\"b\";s:15:\"delete_any_user\";s:1:\"c\";s:3:\"web\";s:1:\"r\";a:1:{i:0;i:1;}}i:64;a:4:{s:1:\"a\";i:65;s:1:\"b\";s:17:\"force_delete_user\";s:1:\"c\";s:3:\"web\";s:1:\"r\";a:1:{i:0;i:1;}}i:65;a:4:{s:1:\"a\";i:66;s:1:\"b\";s:21:\"force_delete_any_user\";s:1:\"c\";s:3:\"web\";s:1:\"r\";a:1:{i:0;i:1;}}}s:5:\"roles\";a:3:{i:0;a:3:{s:1:\"a\";i:1;s:1:\"b\";s:11:\"super_admin\";s:1:\"c\";s:3:\"web\";}i:1;a:3:{s:1:\"a\";i:2;s:1:\"b\";s:9:\"mahasiswa\";s:1:\"c\";s:3:\"web\";}i:2;a:3:{s:1:\"a\";i:3;s:1:\"b\";s:5:\"dosen\";s:1:\"c\";s:3:\"web\";}}}',1747746372),('simple_lms_cache_1b6453892473a467d07372d45eb05abc2031647a','i:1;',1747129115),('simple_lms_cache_1b6453892473a467d07372d45eb05abc2031647a:timer','i:1747129115;',1747129115),('simple_lms_cache_da4b9237bacccdf19c0760cab7aec4a8359010b0','i:2;',1747128614),('simple_lms_cache_da4b9237bacccdf19c0760cab7aec4a8359010b0:timer','i:1747128614;',1747128614),('simple_lms_cache_livewire-rate-limiter:9a4d6a1a9a4095e9b10bfdd069c00343c02521a7','i:1;',1747135618),('simple_lms_cache_livewire-rate-limiter:9a4d6a1a9a4095e9b10bfdd069c00343c02521a7:timer','i:1747135618;',1747135618),('simple_lms_cache_livewire-rate-limiter:a17961fa74e9275d529f489537f179c05d50c2f3','i:1;',1747137746),('simple_lms_cache_livewire-rate-limiter:a17961fa74e9275d529f489537f179c05d50c2f3:timer','i:1747137746;',1747137746),('simple_lms_cache_livewire-rate-limiter:fe8b6ad2d5707041efb8b532fcd7ca4c91327370','i:1;',1747130085),('simple_lms_cache_livewire-rate-limiter:fe8b6ad2d5707041efb8b532fcd7ca4c91327370:timer','i:1747130085;',1747130085),('simple_lms_cache_spatie.permission.cache','a:3:{s:5:\"alias\";a:4:{s:1:\"a\";s:2:\"id\";s:1:\"b\";s:4:\"name\";s:1:\"c\";s:10:\"guard_name\";s:1:\"r\";s:5:\"roles\";}s:11:\"permissions\";a:66:{i:0;a:4:{s:1:\"a\";i:1;s:1:\"b\";s:9:\"view_role\";s:1:\"c\";s:3:\"web\";s:1:\"r\";a:1:{i:0;i:1;}}i:1;a:4:{s:1:\"a\";i:2;s:1:\"b\";s:13:\"view_any_role\";s:1:\"c\";s:3:\"web\";s:1:\"r\";a:1:{i:0;i:1;}}i:2;a:4:{s:1:\"a\";i:3;s:1:\"b\";s:11:\"create_role\";s:1:\"c\";s:3:\"web\";s:1:\"r\";a:1:{i:0;i:1;}}i:3;a:4:{s:1:\"a\";i:4;s:1:\"b\";s:11:\"update_role\";s:1:\"c\";s:3:\"web\";s:1:\"r\";a:1:{i:0;i:1;}}i:4;a:4:{s:1:\"a\";i:5;s:1:\"b\";s:11:\"delete_role\";s:1:\"c\";s:3:\"web\";s:1:\"r\";a:1:{i:0;i:1;}}i:5;a:4:{s:1:\"a\";i:6;s:1:\"b\";s:15:\"delete_any_role\";s:1:\"c\";s:3:\"web\";s:1:\"r\";a:1:{i:0;i:1;}}i:6;a:4:{s:1:\"a\";i:7;s:1:\"b\";s:15:\"view_discussion\";s:1:\"c\";s:3:\"web\";s:1:\"r\";a:3:{i:0;i:1;i:1;i:2;i:2;i:3;}}i:7;a:4:{s:1:\"a\";i:8;s:1:\"b\";s:19:\"view_any_discussion\";s:1:\"c\";s:3:\"web\";s:1:\"r\";a:3:{i:0;i:1;i:1;i:2;i:2;i:3;}}i:8;a:4:{s:1:\"a\";i:9;s:1:\"b\";s:17:\"create_discussion\";s:1:\"c\";s:3:\"web\";s:1:\"r\";a:3:{i:0;i:1;i:1;i:2;i:2;i:3;}}i:9;a:4:{s:1:\"a\";i:10;s:1:\"b\";s:17:\"update_discussion\";s:1:\"c\";s:3:\"web\";s:1:\"r\";a:2:{i:0;i:1;i:1;i:3;}}i:10;a:4:{s:1:\"a\";i:11;s:1:\"b\";s:18:\"restore_discussion\";s:1:\"c\";s:3:\"web\";s:1:\"r\";a:2:{i:0;i:1;i:1;i:3;}}i:11;a:4:{s:1:\"a\";i:12;s:1:\"b\";s:22:\"restore_any_discussion\";s:1:\"c\";s:3:\"web\";s:1:\"r\";a:2:{i:0;i:1;i:1;i:3;}}i:12;a:4:{s:1:\"a\";i:13;s:1:\"b\";s:20:\"replicate_discussion\";s:1:\"c\";s:3:\"web\";s:1:\"r\";a:2:{i:0;i:1;i:1;i:3;}}i:13;a:4:{s:1:\"a\";i:14;s:1:\"b\";s:18:\"reorder_discussion\";s:1:\"c\";s:3:\"web\";s:1:\"r\";a:2:{i:0;i:1;i:1;i:3;}}i:14;a:4:{s:1:\"a\";i:15;s:1:\"b\";s:17:\"delete_discussion\";s:1:\"c\";s:3:\"web\";s:1:\"r\";a:2:{i:0;i:1;i:1;i:3;}}i:15;a:4:{s:1:\"a\";i:16;s:1:\"b\";s:21:\"delete_any_discussion\";s:1:\"c\";s:3:\"web\";s:1:\"r\";a:2:{i:0;i:1;i:1;i:3;}}i:16;a:4:{s:1:\"a\";i:17;s:1:\"b\";s:23:\"force_delete_discussion\";s:1:\"c\";s:3:\"web\";s:1:\"r\";a:2:{i:0;i:1;i:1;i:3;}}i:17;a:4:{s:1:\"a\";i:18;s:1:\"b\";s:27:\"force_delete_any_discussion\";s:1:\"c\";s:3:\"web\";s:1:\"r\";a:2:{i:0;i:1;i:1;i:3;}}i:18;a:4:{s:1:\"a\";i:19;s:1:\"b\";s:10:\"view_group\";s:1:\"c\";s:3:\"web\";s:1:\"r\";a:3:{i:0;i:1;i:1;i:2;i:2;i:3;}}i:19;a:4:{s:1:\"a\";i:20;s:1:\"b\";s:14:\"view_any_group\";s:1:\"c\";s:3:\"web\";s:1:\"r\";a:3:{i:0;i:1;i:1;i:2;i:2;i:3;}}i:20;a:4:{s:1:\"a\";i:21;s:1:\"b\";s:12:\"create_group\";s:1:\"c\";s:3:\"web\";s:1:\"r\";a:3:{i:0;i:1;i:1;i:2;i:2;i:3;}}i:21;a:4:{s:1:\"a\";i:22;s:1:\"b\";s:12:\"update_group\";s:1:\"c\";s:3:\"web\";s:1:\"r\";a:3:{i:0;i:1;i:1;i:2;i:2;i:3;}}i:22;a:4:{s:1:\"a\";i:23;s:1:\"b\";s:13:\"restore_group\";s:1:\"c\";s:3:\"web\";s:1:\"r\";a:2:{i:0;i:1;i:1;i:3;}}i:23;a:4:{s:1:\"a\";i:24;s:1:\"b\";s:17:\"restore_any_group\";s:1:\"c\";s:3:\"web\";s:1:\"r\";a:2:{i:0;i:1;i:1;i:3;}}i:24;a:4:{s:1:\"a\";i:25;s:1:\"b\";s:15:\"replicate_group\";s:1:\"c\";s:3:\"web\";s:1:\"r\";a:2:{i:0;i:1;i:1;i:3;}}i:25;a:4:{s:1:\"a\";i:26;s:1:\"b\";s:13:\"reorder_group\";s:1:\"c\";s:3:\"web\";s:1:\"r\";a:2:{i:0;i:1;i:1;i:3;}}i:26;a:4:{s:1:\"a\";i:27;s:1:\"b\";s:12:\"delete_group\";s:1:\"c\";s:3:\"web\";s:1:\"r\";a:2:{i:0;i:1;i:1;i:3;}}i:27;a:4:{s:1:\"a\";i:28;s:1:\"b\";s:16:\"delete_any_group\";s:1:\"c\";s:3:\"web\";s:1:\"r\";a:2:{i:0;i:1;i:1;i:3;}}i:28;a:4:{s:1:\"a\";i:29;s:1:\"b\";s:18:\"force_delete_group\";s:1:\"c\";s:3:\"web\";s:1:\"r\";a:2:{i:0;i:1;i:1;i:3;}}i:29;a:4:{s:1:\"a\";i:30;s:1:\"b\";s:22:\"force_delete_any_group\";s:1:\"c\";s:3:\"web\";s:1:\"r\";a:2:{i:0;i:1;i:1;i:3;}}i:30;a:4:{s:1:\"a\";i:31;s:1:\"b\";s:9:\"view_room\";s:1:\"c\";s:3:\"web\";s:1:\"r\";a:3:{i:0;i:1;i:1;i:2;i:2;i:3;}}i:31;a:4:{s:1:\"a\";i:32;s:1:\"b\";s:13:\"view_any_room\";s:1:\"c\";s:3:\"web\";s:1:\"r\";a:3:{i:0;i:1;i:1;i:2;i:2;i:3;}}i:32;a:4:{s:1:\"a\";i:33;s:1:\"b\";s:11:\"create_room\";s:1:\"c\";s:3:\"web\";s:1:\"r\";a:2:{i:0;i:1;i:1;i:3;}}i:33;a:4:{s:1:\"a\";i:34;s:1:\"b\";s:11:\"update_room\";s:1:\"c\";s:3:\"web\";s:1:\"r\";a:3:{i:0;i:1;i:1;i:2;i:2;i:3;}}i:34;a:4:{s:1:\"a\";i:35;s:1:\"b\";s:12:\"restore_room\";s:1:\"c\";s:3:\"web\";s:1:\"r\";a:2:{i:0;i:1;i:1;i:3;}}i:35;a:4:{s:1:\"a\";i:36;s:1:\"b\";s:16:\"restore_any_room\";s:1:\"c\";s:3:\"web\";s:1:\"r\";a:2:{i:0;i:1;i:1;i:3;}}i:36;a:4:{s:1:\"a\";i:37;s:1:\"b\";s:14:\"replicate_room\";s:1:\"c\";s:3:\"web\";s:1:\"r\";a:2:{i:0;i:1;i:1;i:3;}}i:37;a:4:{s:1:\"a\";i:38;s:1:\"b\";s:12:\"reorder_room\";s:1:\"c\";s:3:\"web\";s:1:\"r\";a:2:{i:0;i:1;i:1;i:3;}}i:38;a:4:{s:1:\"a\";i:39;s:1:\"b\";s:11:\"delete_room\";s:1:\"c\";s:3:\"web\";s:1:\"r\";a:2:{i:0;i:1;i:1;i:3;}}i:39;a:4:{s:1:\"a\";i:40;s:1:\"b\";s:15:\"delete_any_room\";s:1:\"c\";s:3:\"web\";s:1:\"r\";a:2:{i:0;i:1;i:1;i:3;}}i:40;a:4:{s:1:\"a\";i:41;s:1:\"b\";s:17:\"force_delete_room\";s:1:\"c\";s:3:\"web\";s:1:\"r\";a:2:{i:0;i:1;i:1;i:3;}}i:41;a:4:{s:1:\"a\";i:42;s:1:\"b\";s:21:\"force_delete_any_room\";s:1:\"c\";s:3:\"web\";s:1:\"r\";a:2:{i:0;i:1;i:1;i:3;}}i:42;a:4:{s:1:\"a\";i:43;s:1:\"b\";s:15:\"view_submission\";s:1:\"c\";s:3:\"web\";s:1:\"r\";a:3:{i:0;i:1;i:1;i:2;i:2;i:3;}}i:43;a:4:{s:1:\"a\";i:44;s:1:\"b\";s:19:\"view_any_submission\";s:1:\"c\";s:3:\"web\";s:1:\"r\";a:3:{i:0;i:1;i:1;i:2;i:2;i:3;}}i:44;a:4:{s:1:\"a\";i:45;s:1:\"b\";s:17:\"create_submission\";s:1:\"c\";s:3:\"web\";s:1:\"r\";a:3:{i:0;i:1;i:1;i:2;i:2;i:3;}}i:45;a:4:{s:1:\"a\";i:46;s:1:\"b\";s:17:\"update_submission\";s:1:\"c\";s:3:\"web\";s:1:\"r\";a:2:{i:0;i:1;i:1;i:3;}}i:46;a:4:{s:1:\"a\";i:47;s:1:\"b\";s:18:\"restore_submission\";s:1:\"c\";s:3:\"web\";s:1:\"r\";a:2:{i:0;i:1;i:1;i:3;}}i:47;a:4:{s:1:\"a\";i:48;s:1:\"b\";s:22:\"restore_any_submission\";s:1:\"c\";s:3:\"web\";s:1:\"r\";a:2:{i:0;i:1;i:1;i:3;}}i:48;a:4:{s:1:\"a\";i:49;s:1:\"b\";s:20:\"replicate_submission\";s:1:\"c\";s:3:\"web\";s:1:\"r\";a:2:{i:0;i:1;i:1;i:3;}}i:49;a:4:{s:1:\"a\";i:50;s:1:\"b\";s:18:\"reorder_submission\";s:1:\"c\";s:3:\"web\";s:1:\"r\";a:2:{i:0;i:1;i:1;i:3;}}i:50;a:4:{s:1:\"a\";i:51;s:1:\"b\";s:17:\"delete_submission\";s:1:\"c\";s:3:\"web\";s:1:\"r\";a:3:{i:0;i:1;i:1;i:2;i:2;i:3;}}i:51;a:4:{s:1:\"a\";i:52;s:1:\"b\";s:21:\"delete_any_submission\";s:1:\"c\";s:3:\"web\";s:1:\"r\";a:2:{i:0;i:1;i:1;i:3;}}i:52;a:4:{s:1:\"a\";i:53;s:1:\"b\";s:23:\"force_delete_submission\";s:1:\"c\";s:3:\"web\";s:1:\"r\";a:2:{i:0;i:1;i:1;i:3;}}i:53;a:4:{s:1:\"a\";i:54;s:1:\"b\";s:27:\"force_delete_any_submission\";s:1:\"c\";s:3:\"web\";s:1:\"r\";a:2:{i:0;i:1;i:1;i:3;}}i:54;a:4:{s:1:\"a\";i:55;s:1:\"b\";s:9:\"view_user\";s:1:\"c\";s:3:\"web\";s:1:\"r\";a:1:{i:0;i:1;}}i:55;a:4:{s:1:\"a\";i:56;s:1:\"b\";s:13:\"view_any_user\";s:1:\"c\";s:3:\"web\";s:1:\"r\";a:1:{i:0;i:1;}}i:56;a:4:{s:1:\"a\";i:57;s:1:\"b\";s:11:\"create_user\";s:1:\"c\";s:3:\"web\";s:1:\"r\";a:1:{i:0;i:1;}}i:57;a:4:{s:1:\"a\";i:58;s:1:\"b\";s:11:\"update_user\";s:1:\"c\";s:3:\"web\";s:1:\"r\";a:1:{i:0;i:1;}}i:58;a:4:{s:1:\"a\";i:59;s:1:\"b\";s:12:\"restore_user\";s:1:\"c\";s:3:\"web\";s:1:\"r\";a:1:{i:0;i:1;}}i:59;a:4:{s:1:\"a\";i:60;s:1:\"b\";s:16:\"restore_any_user\";s:1:\"c\";s:3:\"web\";s:1:\"r\";a:1:{i:0;i:1;}}i:60;a:4:{s:1:\"a\";i:61;s:1:\"b\";s:14:\"replicate_user\";s:1:\"c\";s:3:\"web\";s:1:\"r\";a:1:{i:0;i:1;}}i:61;a:4:{s:1:\"a\";i:62;s:1:\"b\";s:12:\"reorder_user\";s:1:\"c\";s:3:\"web\";s:1:\"r\";a:1:{i:0;i:1;}}i:62;a:4:{s:1:\"a\";i:63;s:1:\"b\";s:11:\"delete_user\";s:1:\"c\";s:3:\"web\";s:1:\"r\";a:1:{i:0;i:1;}}i:63;a:4:{s:1:\"a\";i:64;s:1:\"b\";s:15:\"delete_any_user\";s:1:\"c\";s:3:\"web\";s:1:\"r\";a:1:{i:0;i:1;}}i:64;a:4:{s:1:\"a\";i:65;s:1:\"b\";s:17:\"force_delete_user\";s:1:\"c\";s:3:\"web\";s:1:\"r\";a:1:{i:0;i:1;}}i:65;a:4:{s:1:\"a\";i:66;s:1:\"b\";s:21:\"force_delete_any_user\";s:1:\"c\";s:3:\"web\";s:1:\"r\";a:1:{i:0;i:1;}}}s:5:\"roles\";a:3:{i:0;a:3:{s:1:\"a\";i:1;s:1:\"b\";s:11:\"super_admin\";s:1:\"c\";s:3:\"web\";}i:1;a:3:{s:1:\"a\";i:2;s:1:\"b\";s:9:\"mahasiswa\";s:1:\"c\";s:3:\"web\";}i:2;a:3:{s:1:\"a\";i:3;s:1:\"b\";s:5:\"dosen\";s:1:\"c\";s:3:\"web\";}}}',1747215133);
/*!40000 ALTER TABLE `cache` ENABLE KEYS */;
UNLOCK TABLES;

--
-- Table structure for table `cache_locks`
--

DROP TABLE IF EXISTS `cache_locks`;
/*!40101 SET @saved_cs_client     = @@character_set_client */;
/*!50503 SET character_set_client = utf8mb4 */;
CREATE TABLE `cache_locks` (
  `key` varchar(255) COLLATE utf8mb4_unicode_ci NOT NULL,
  `owner` varchar(255) COLLATE utf8mb4_unicode_ci NOT NULL,
  `expiration` int NOT NULL,
  PRIMARY KEY (`key`)
) ENGINE=InnoDB DEFAULT CHARSET=utf8mb4 COLLATE=utf8mb4_unicode_ci;
/*!40101 SET character_set_client = @saved_cs_client */;

--
-- Dumping data for table `cache_locks`
--

LOCK TABLES `cache_locks` WRITE;
/*!40000 ALTER TABLE `cache_locks` DISABLE KEYS */;
/*!40000 ALTER TABLE `cache_locks` ENABLE KEYS */;
UNLOCK TABLES;

--
-- Table structure for table `comments`
--

DROP TABLE IF EXISTS `comments`;
/*!40101 SET @saved_cs_client     = @@character_set_client */;
/*!50503 SET character_set_client = utf8mb4 */;
CREATE TABLE `comments` (
  `id` bigint unsigned NOT NULL AUTO_INCREMENT,
  `commentable_type` varchar(255) COLLATE utf8mb4_unicode_ci DEFAULT NULL,
  `commentable_id` bigint unsigned DEFAULT NULL,
  `commenter_type` varchar(255) COLLATE utf8mb4_unicode_ci DEFAULT NULL,
  `commenter_id` bigint unsigned DEFAULT NULL,
  `reply_id` bigint unsigned DEFAULT NULL,
  `text` text COLLATE utf8mb4_unicode_ci NOT NULL,
  `approved` tinyint(1) NOT NULL DEFAULT '0',
  `created_at` timestamp NULL DEFAULT NULL,
  `updated_at` timestamp NULL DEFAULT NULL,
  PRIMARY KEY (`id`),
  KEY `comments_commentable_type_commentable_id_index` (`commentable_type`,`commentable_id`),
  KEY `comments_commenter_type_commenter_id_index` (`commenter_type`,`commenter_id`),
  KEY `comments_reply_id_index` (`reply_id`),
  KEY `comments_approved_index` (`approved`),
  CONSTRAINT `comments_reply_id_foreign` FOREIGN KEY (`reply_id`) REFERENCES `comments` (`id`) ON DELETE CASCADE
) ENGINE=InnoDB AUTO_INCREMENT=10 DEFAULT CHARSET=utf8mb4 COLLATE=utf8mb4_unicode_ci;
/*!40101 SET character_set_client = @saved_cs_client */;

--
-- Dumping data for table `comments`
--

LOCK TABLES `comments` WRITE;
/*!40000 ALTER TABLE `comments` DISABLE KEYS */;
INSERT INTO `comments` VALUES (1,'App\\Models\\EducationRoom',5,'LakM\\Comments\\Models\\Guest',1,NULL,'<p>Oke bisa</p>',0,'2025-05-18 06:49:53','2025-05-18 06:49:53'),(2,'App\\Models\\EducationRoom',5,'App\\Models\\User',3,NULL,'<p>Tes</p>',0,'2025-05-18 06:51:57','2025-05-18 06:51:57'),(3,'App\\Models\\EducationRoom',6,'App\\Models\\User',3,NULL,'<p>Halooooo kak @<strong>admin </strong></p>',0,'2025-05-18 07:02:51','2025-05-18 07:02:51'),(4,NULL,NULL,'App\\Models\\User',3,3,'<p>Tes</p>',0,'2025-05-18 07:05:07','2025-05-18 07:05:07'),(5,'App\\Models\\EducationRoom',5,'App\\Models\\User',4,NULL,'<p>Halo kak</p>',0,'2025-05-18 07:17:41','2025-05-18 07:17:41'),(6,'App\\Models\\EducationRoom',5,'App\\Models\\User',3,NULL,'<p>Assalamualaikum</p>',0,'2025-05-18 08:35:03','2025-05-18 08:35:03'),(7,NULL,NULL,'App\\Models\\User',3,2,'<p>mantap bolo</p>',0,'2025-05-18 08:35:12','2025-05-18 08:35:12'),(8,'App\\Models\\EducationRoom',5,'App\\Models\\User',3,NULL,'<p>@<strong>Mifta </strong></p>',0,'2025-05-18 08:37:16','2025-05-18 08:37:16'),(9,'App\\Models\\Group',6,'App\\Models\\User',3,NULL,'<p>haiiiii</p>\n\n<p><br></p>',0,'2025-05-18 09:14:19','2025-05-18 09:14:19');
/*!40000 ALTER TABLE `comments` ENABLE KEYS */;
UNLOCK TABLES;

--
-- Table structure for table `education_rooms`
--

DROP TABLE IF EXISTS `education_rooms`;
/*!40101 SET @saved_cs_client     = @@character_set_client */;
/*!50503 SET character_set_client = utf8mb4 */;
CREATE TABLE `education_rooms` (
  `id` bigint unsigned NOT NULL AUTO_INCREMENT,
  `name` varchar(255) COLLATE utf8mb4_unicode_ci NOT NULL,
  `description` varchar(255) COLLATE utf8mb4_unicode_ci DEFAULT NULL,
  `created_by` bigint unsigned NOT NULL,
  `created_at` timestamp NULL DEFAULT NULL,
  `updated_at` timestamp NULL DEFAULT NULL,
  `introduction_video_path` varchar(255) COLLATE utf8mb4_unicode_ci DEFAULT NULL,
  `purpose` varchar(255) COLLATE utf8mb4_unicode_ci DEFAULT NULL,
  `target` varchar(255) COLLATE utf8mb4_unicode_ci DEFAULT NULL,
  `material_path` varchar(255) COLLATE utf8mb4_unicode_ci DEFAULT NULL,
  `youtube_link` varchar(255) COLLATE utf8mb4_unicode_ci DEFAULT NULL,
  `reference_links` json DEFAULT NULL,
  PRIMARY KEY (`id`),
  KEY `education_rooms_created_by_foreign` (`created_by`),
  CONSTRAINT `education_rooms_created_by_foreign` FOREIGN KEY (`created_by`) REFERENCES `users` (`id`) ON DELETE CASCADE
) ENGINE=InnoDB AUTO_INCREMENT=7 DEFAULT CHARSET=utf8mb4 COLLATE=utf8mb4_unicode_ci;
/*!40101 SET character_set_client = @saved_cs_client */;

--
-- Dumping data for table `education_rooms`
--

LOCK TABLES `education_rooms` WRITE;
/*!40000 ALTER TABLE `education_rooms` DISABLE KEYS */;
INSERT INTO `education_rooms` VALUES (5,'Analisis Vegetasi','Deskripsi',3,'2025-05-18 06:33:38','2025-05-18 06:33:38','videos/6829e1b220856.mp4','Tujuan','Target','materials/6829e1b228889.pptx','https://www.youtube.com/watch?v=e37ouaIwga8','[\"https://www.youtube.com/watch?v=e37ouaIwga8\", \"https://www.youtube.com/watch?v=e37ouaIwga8\"]'),(6,'Analisis Test','test',3,'2025-05-18 07:01:48','2025-05-18 07:01:48',NULL,'test','test',NULL,'https://www.youtube.com/watch?v=jzRj93xL4E8','[\"https://www.youtube.com/watch?v=jzRj93xL4E8\", \"https://www.youtube.com/watch?v=jzRj93xL4E8\"]');
/*!40000 ALTER TABLE `education_rooms` ENABLE KEYS */;
UNLOCK TABLES;

--
-- Table structure for table `failed_jobs`
--

DROP TABLE IF EXISTS `failed_jobs`;
/*!40101 SET @saved_cs_client     = @@character_set_client */;
/*!50503 SET character_set_client = utf8mb4 */;
CREATE TABLE `failed_jobs` (
  `id` bigint unsigned NOT NULL AUTO_INCREMENT,
  `uuid` varchar(255) COLLATE utf8mb4_unicode_ci NOT NULL,
  `connection` text COLLATE utf8mb4_unicode_ci NOT NULL,
  `queue` text COLLATE utf8mb4_unicode_ci NOT NULL,
  `payload` longtext COLLATE utf8mb4_unicode_ci NOT NULL,
  `exception` longtext COLLATE utf8mb4_unicode_ci NOT NULL,
  `failed_at` timestamp NOT NULL DEFAULT CURRENT_TIMESTAMP,
  PRIMARY KEY (`id`),
  UNIQUE KEY `failed_jobs_uuid_unique` (`uuid`)
) ENGINE=InnoDB DEFAULT CHARSET=utf8mb4 COLLATE=utf8mb4_unicode_ci;
/*!40101 SET character_set_client = @saved_cs_client */;

--
-- Dumping data for table `failed_jobs`
--

LOCK TABLES `failed_jobs` WRITE;
/*!40000 ALTER TABLE `failed_jobs` DISABLE KEYS */;
/*!40000 ALTER TABLE `failed_jobs` ENABLE KEYS */;
UNLOCK TABLES;

--
-- Table structure for table `group_user`
--

DROP TABLE IF EXISTS `group_user`;
/*!40101 SET @saved_cs_client     = @@character_set_client */;
/*!50503 SET character_set_client = utf8mb4 */;
CREATE TABLE `group_user` (
  `id` bigint unsigned NOT NULL AUTO_INCREMENT,
  `group_id` bigint unsigned NOT NULL,
  `user_id` bigint unsigned NOT NULL,
  `created_at` timestamp NULL DEFAULT NULL,
  `updated_at` timestamp NULL DEFAULT NULL,
  PRIMARY KEY (`id`),
  KEY `group_user_group_id_foreign` (`group_id`),
  KEY `group_user_user_id_foreign` (`user_id`),
  CONSTRAINT `group_user_group_id_foreign` FOREIGN KEY (`group_id`) REFERENCES `groups` (`id`),
  CONSTRAINT `group_user_user_id_foreign` FOREIGN KEY (`user_id`) REFERENCES `users` (`id`)
) ENGINE=InnoDB AUTO_INCREMENT=5 DEFAULT CHARSET=utf8mb4 COLLATE=utf8mb4_unicode_ci;
/*!40101 SET character_set_client = @saved_cs_client */;

--
-- Dumping data for table `group_user`
--

LOCK TABLES `group_user` WRITE;
/*!40000 ALTER TABLE `group_user` DISABLE KEYS */;
INSERT INTO `group_user` VALUES (3,2,2,NULL,NULL),(4,2,3,NULL,NULL);
/*!40000 ALTER TABLE `group_user` ENABLE KEYS */;
UNLOCK TABLES;

--
-- Table structure for table `groups`
--

DROP TABLE IF EXISTS `groups`;
/*!40101 SET @saved_cs_client     = @@character_set_client */;
/*!50503 SET character_set_client = utf8mb4 */;
CREATE TABLE `groups` (
  `id` bigint unsigned NOT NULL AUTO_INCREMENT,
  `name` varchar(255) COLLATE utf8mb4_unicode_ci NOT NULL,
  `room_id` bigint unsigned NOT NULL,
  `created_at` timestamp NULL DEFAULT NULL,
  `updated_at` timestamp NULL DEFAULT NULL,
  PRIMARY KEY (`id`),
  KEY `groups_room_id_foreign` (`room_id`),
  CONSTRAINT `groups_room_id_foreign` FOREIGN KEY (`room_id`) REFERENCES `rooms` (`id`)
) ENGINE=InnoDB AUTO_INCREMENT=3 DEFAULT CHARSET=utf8mb4 COLLATE=utf8mb4_unicode_ci;
/*!40101 SET character_set_client = @saved_cs_client */;

--
-- Dumping data for table `groups`
--

LOCK TABLES `groups` WRITE;
/*!40000 ALTER TABLE `groups` DISABLE KEYS */;
INSERT INTO `groups` VALUES (2,'Kelompok Marga',4,'2025-05-19 06:30:08','2025-05-19 06:30:08');
/*!40000 ALTER TABLE `groups` ENABLE KEYS */;
UNLOCK TABLES;

--
-- Table structure for table `guests`
--

DROP TABLE IF EXISTS `guests`;
/*!40101 SET @saved_cs_client     = @@character_set_client */;
/*!50503 SET character_set_client = utf8mb4 */;
CREATE TABLE `guests` (
  `id` bigint unsigned NOT NULL AUTO_INCREMENT,
  `name` varchar(255) COLLATE utf8mb4_unicode_ci DEFAULT NULL,
  `email` varchar(255) COLLATE utf8mb4_unicode_ci DEFAULT NULL,
  `ip_address` varchar(255) COLLATE utf8mb4_unicode_ci DEFAULT NULL,
  `created_at` timestamp NULL DEFAULT NULL,
  `updated_at` timestamp NULL DEFAULT NULL,
  PRIMARY KEY (`id`)
) ENGINE=InnoDB AUTO_INCREMENT=2 DEFAULT CHARSET=utf8mb4 COLLATE=utf8mb4_unicode_ci;
/*!40101 SET character_set_client = @saved_cs_client */;

--
-- Dumping data for table `guests`
--

LOCK TABLES `guests` WRITE;
/*!40000 ALTER TABLE `guests` DISABLE KEYS */;
INSERT INTO `guests` VALUES (1,NULL,NULL,'127.0.0.1','2025-05-18 06:49:53','2025-05-18 06:49:58');
/*!40000 ALTER TABLE `guests` ENABLE KEYS */;
UNLOCK TABLES;

--
-- Table structure for table `job_batches`
--

DROP TABLE IF EXISTS `job_batches`;
/*!40101 SET @saved_cs_client     = @@character_set_client */;
/*!50503 SET character_set_client = utf8mb4 */;
CREATE TABLE `job_batches` (
  `id` varchar(255) COLLATE utf8mb4_unicode_ci NOT NULL,
  `name` varchar(255) COLLATE utf8mb4_unicode_ci NOT NULL,
  `total_jobs` int NOT NULL,
  `pending_jobs` int NOT NULL,
  `failed_jobs` int NOT NULL,
  `failed_job_ids` longtext COLLATE utf8mb4_unicode_ci NOT NULL,
  `options` mediumtext COLLATE utf8mb4_unicode_ci,
  `cancelled_at` int DEFAULT NULL,
  `created_at` int NOT NULL,
  `finished_at` int DEFAULT NULL,
  PRIMARY KEY (`id`)
) ENGINE=InnoDB DEFAULT CHARSET=utf8mb4 COLLATE=utf8mb4_unicode_ci;
/*!40101 SET character_set_client = @saved_cs_client */;

--
-- Dumping data for table `job_batches`
--

LOCK TABLES `job_batches` WRITE;
/*!40000 ALTER TABLE `job_batches` DISABLE KEYS */;
/*!40000 ALTER TABLE `job_batches` ENABLE KEYS */;
UNLOCK TABLES;

--
-- Table structure for table `jobs`
--

DROP TABLE IF EXISTS `jobs`;
/*!40101 SET @saved_cs_client     = @@character_set_client */;
/*!50503 SET character_set_client = utf8mb4 */;
CREATE TABLE `jobs` (
  `id` bigint unsigned NOT NULL AUTO_INCREMENT,
  `queue` varchar(255) COLLATE utf8mb4_unicode_ci NOT NULL,
  `payload` longtext COLLATE utf8mb4_unicode_ci NOT NULL,
  `attempts` tinyint unsigned NOT NULL,
  `reserved_at` int unsigned DEFAULT NULL,
  `available_at` int unsigned NOT NULL,
  `created_at` int unsigned NOT NULL,
  PRIMARY KEY (`id`),
  KEY `jobs_queue_index` (`queue`)
) ENGINE=InnoDB DEFAULT CHARSET=utf8mb4 COLLATE=utf8mb4_unicode_ci;
/*!40101 SET character_set_client = @saved_cs_client */;

--
-- Dumping data for table `jobs`
--

LOCK TABLES `jobs` WRITE;
/*!40000 ALTER TABLE `jobs` DISABLE KEYS */;
/*!40000 ALTER TABLE `jobs` ENABLE KEYS */;
UNLOCK TABLES;

--
-- Table structure for table `migrations`
--

DROP TABLE IF EXISTS `migrations`;
/*!40101 SET @saved_cs_client     = @@character_set_client */;
/*!50503 SET character_set_client = utf8mb4 */;
CREATE TABLE `migrations` (
  `id` int unsigned NOT NULL AUTO_INCREMENT,
  `migration` varchar(255) COLLATE utf8mb4_unicode_ci NOT NULL,
  `batch` int NOT NULL,
  PRIMARY KEY (`id`)
) ENGINE=InnoDB AUTO_INCREMENT=36 DEFAULT CHARSET=utf8mb4 COLLATE=utf8mb4_unicode_ci;
/*!40101 SET character_set_client = @saved_cs_client */;

--
-- Dumping data for table `migrations`
--

LOCK TABLES `migrations` WRITE;
/*!40000 ALTER TABLE `migrations` DISABLE KEYS */;
INSERT INTO `migrations` VALUES (9,'0001_01_01_000000_create_users_table',1),(10,'0001_01_01_000001_create_cache_table',1),(11,'0001_01_01_000002_create_jobs_table',1),(12,'2025_05_12_104123_create_rooms_table',1),(13,'2025_05_12_104124_create_groups_table',1),(14,'2025_05_12_104125_create_group_user_table',1),(18,'2025_05_12_104125_create_submissions_table',2),(19,'2025_05_12_104126_create_discussions_table',2),(20,'2025_05_12_133305_create_nested_comments_table',3),(21,'2025_05_13_051746_create_permission_tables',4),(22,'2025_05_13_064747_update_room_table',5),(23,'2025_05_18_120459_create_education_rooms_table',6),(27,'2025_05_18_124742_update_education_rooms',7),(32,'2025_05_18_134138_create_comments_table',8),(33,'2025_05_18_134138_create_guests_table',8),(34,'2025_05_18_134138_create_reactions_table',8),(35,'2025_05_18_134138_drop_guest_columns_from_comments_table',8);
/*!40000 ALTER TABLE `migrations` ENABLE KEYS */;
UNLOCK TABLES;

--
-- Table structure for table `model_has_permissions`
--

DROP TABLE IF EXISTS `model_has_permissions`;
/*!40101 SET @saved_cs_client     = @@character_set_client */;
/*!50503 SET character_set_client = utf8mb4 */;
CREATE TABLE `model_has_permissions` (
  `permission_id` bigint unsigned NOT NULL,
  `model_type` varchar(255) COLLATE utf8mb4_unicode_ci NOT NULL,
  `model_id` bigint unsigned NOT NULL,
  PRIMARY KEY (`permission_id`,`model_id`,`model_type`),
  KEY `model_has_permissions_model_id_model_type_index` (`model_id`,`model_type`),
  CONSTRAINT `model_has_permissions_permission_id_foreign` FOREIGN KEY (`permission_id`) REFERENCES `permissions` (`id`) ON DELETE CASCADE
) ENGINE=InnoDB DEFAULT CHARSET=utf8mb4 COLLATE=utf8mb4_unicode_ci;
/*!40101 SET character_set_client = @saved_cs_client */;

--
-- Dumping data for table `model_has_permissions`
--

LOCK TABLES `model_has_permissions` WRITE;
/*!40000 ALTER TABLE `model_has_permissions` DISABLE KEYS */;
/*!40000 ALTER TABLE `model_has_permissions` ENABLE KEYS */;
UNLOCK TABLES;

--
-- Table structure for table `model_has_roles`
--

DROP TABLE IF EXISTS `model_has_roles`;
/*!40101 SET @saved_cs_client     = @@character_set_client */;
/*!50503 SET character_set_client = utf8mb4 */;
CREATE TABLE `model_has_roles` (
  `role_id` bigint unsigned NOT NULL,
  `model_type` varchar(255) COLLATE utf8mb4_unicode_ci NOT NULL,
  `model_id` bigint unsigned NOT NULL,
  PRIMARY KEY (`role_id`,`model_id`,`model_type`),
  KEY `model_has_roles_model_id_model_type_index` (`model_id`,`model_type`),
  CONSTRAINT `model_has_roles_role_id_foreign` FOREIGN KEY (`role_id`) REFERENCES `roles` (`id`) ON DELETE CASCADE
) ENGINE=InnoDB DEFAULT CHARSET=utf8mb4 COLLATE=utf8mb4_unicode_ci;
/*!40101 SET character_set_client = @saved_cs_client */;

--
-- Dumping data for table `model_has_roles`
--

LOCK TABLES `model_has_roles` WRITE;
/*!40000 ALTER TABLE `model_has_roles` DISABLE KEYS */;
INSERT INTO `model_has_roles` VALUES (1,'App\\Models\\User',1),(2,'App\\Models\\User',2),(3,'App\\Models\\User',3),(2,'App\\Models\\User',4),(2,'App\\Models\\User',5),(2,'App\\Models\\User',8);
/*!40000 ALTER TABLE `model_has_roles` ENABLE KEYS */;
UNLOCK TABLES;

--
-- Table structure for table `password_reset_tokens`
--

DROP TABLE IF EXISTS `password_reset_tokens`;
/*!40101 SET @saved_cs_client     = @@character_set_client */;
/*!50503 SET character_set_client = utf8mb4 */;
CREATE TABLE `password_reset_tokens` (
  `email` varchar(255) COLLATE utf8mb4_unicode_ci NOT NULL,
  `token` varchar(255) COLLATE utf8mb4_unicode_ci NOT NULL,
  `created_at` timestamp NULL DEFAULT NULL,
  PRIMARY KEY (`email`)
) ENGINE=InnoDB DEFAULT CHARSET=utf8mb4 COLLATE=utf8mb4_unicode_ci;
/*!40101 SET character_set_client = @saved_cs_client */;

--
-- Dumping data for table `password_reset_tokens`
--

LOCK TABLES `password_reset_tokens` WRITE;
/*!40000 ALTER TABLE `password_reset_tokens` DISABLE KEYS */;
/*!40000 ALTER TABLE `password_reset_tokens` ENABLE KEYS */;
UNLOCK TABLES;

--
-- Table structure for table `permissions`
--

DROP TABLE IF EXISTS `permissions`;
/*!40101 SET @saved_cs_client     = @@character_set_client */;
/*!50503 SET character_set_client = utf8mb4 */;
CREATE TABLE `permissions` (
  `id` bigint unsigned NOT NULL AUTO_INCREMENT,
  `name` varchar(255) COLLATE utf8mb4_unicode_ci NOT NULL,
  `guard_name` varchar(255) COLLATE utf8mb4_unicode_ci NOT NULL,
  `created_at` timestamp NULL DEFAULT NULL,
  `updated_at` timestamp NULL DEFAULT NULL,
  PRIMARY KEY (`id`),
  UNIQUE KEY `permissions_name_guard_name_unique` (`name`,`guard_name`)
) ENGINE=InnoDB AUTO_INCREMENT=67 DEFAULT CHARSET=utf8mb4 COLLATE=utf8mb4_unicode_ci;
/*!40101 SET character_set_client = @saved_cs_client */;

--
-- Dumping data for table `permissions`
--

LOCK TABLES `permissions` WRITE;
/*!40000 ALTER TABLE `permissions` DISABLE KEYS */;
INSERT INTO `permissions` VALUES (1,'view_role','web','2025-05-12 22:18:02','2025-05-12 22:18:02'),(2,'view_any_role','web','2025-05-12 22:18:02','2025-05-12 22:18:02'),(3,'create_role','web','2025-05-12 22:18:02','2025-05-12 22:18:02'),(4,'update_role','web','2025-05-12 22:18:02','2025-05-12 22:18:02'),(5,'delete_role','web','2025-05-12 22:18:02','2025-05-12 22:18:02'),(6,'delete_any_role','web','2025-05-12 22:18:02','2025-05-12 22:18:02'),(7,'view_discussion','web','2025-05-12 22:19:04','2025-05-12 22:19:04'),(8,'view_any_discussion','web','2025-05-12 22:19:04','2025-05-12 22:19:04'),(9,'create_discussion','web','2025-05-12 22:19:04','2025-05-12 22:19:04'),(10,'update_discussion','web','2025-05-12 22:19:04','2025-05-12 22:19:04'),(11,'restore_discussion','web','2025-05-12 22:19:04','2025-05-12 22:19:04'),(12,'restore_any_discussion','web','2025-05-12 22:19:04','2025-05-12 22:19:04'),(13,'replicate_discussion','web','2025-05-12 22:19:04','2025-05-12 22:19:04'),(14,'reorder_discussion','web','2025-05-12 22:19:04','2025-05-12 22:19:04'),(15,'delete_discussion','web','2025-05-12 22:19:04','2025-05-12 22:19:04'),(16,'delete_any_discussion','web','2025-05-12 22:19:04','2025-05-12 22:19:04'),(17,'force_delete_discussion','web','2025-05-12 22:19:04','2025-05-12 22:19:04'),(18,'force_delete_any_discussion','web','2025-05-12 22:19:04','2025-05-12 22:19:04'),(19,'view_group','web','2025-05-12 22:19:04','2025-05-12 22:19:04'),(20,'view_any_group','web','2025-05-12 22:19:04','2025-05-12 22:19:04'),(21,'create_group','web','2025-05-12 22:19:04','2025-05-12 22:19:04'),(22,'update_group','web','2025-05-12 22:19:04','2025-05-12 22:19:04'),(23,'restore_group','web','2025-05-12 22:19:04','2025-05-12 22:19:04'),(24,'restore_any_group','web','2025-05-12 22:19:04','2025-05-12 22:19:04'),(25,'replicate_group','web','2025-05-12 22:19:04','2025-05-12 22:19:04'),(26,'reorder_group','web','2025-05-12 22:19:04','2025-05-12 22:19:04'),(27,'delete_group','web','2025-05-12 22:19:04','2025-05-12 22:19:04'),(28,'delete_any_group','web','2025-05-12 22:19:04','2025-05-12 22:19:04'),(29,'force_delete_group','web','2025-05-12 22:19:04','2025-05-12 22:19:04'),(30,'force_delete_any_group','web','2025-05-12 22:19:04','2025-05-12 22:19:04'),(31,'view_room','web','2025-05-12 22:19:05','2025-05-12 22:19:05'),(32,'view_any_room','web','2025-05-12 22:19:05','2025-05-12 22:19:05'),(33,'create_room','web','2025-05-12 22:19:05','2025-05-12 22:19:05'),(34,'update_room','web','2025-05-12 22:19:05','2025-05-12 22:19:05'),(35,'restore_room','web','2025-05-12 22:19:05','2025-05-12 22:19:05'),(36,'restore_any_room','web','2025-05-12 22:19:05','2025-05-12 22:19:05'),(37,'replicate_room','web','2025-05-12 22:19:05','2025-05-12 22:19:05'),(38,'reorder_room','web','2025-05-12 22:19:05','2025-05-12 22:19:05'),(39,'delete_room','web','2025-05-12 22:19:05','2025-05-12 22:19:05'),(40,'delete_any_room','web','2025-05-12 22:19:05','2025-05-12 22:19:05'),(41,'force_delete_room','web','2025-05-12 22:19:05','2025-05-12 22:19:05'),(42,'force_delete_any_room','web','2025-05-12 22:19:05','2025-05-12 22:19:05'),(43,'view_submission','web','2025-05-12 22:19:05','2025-05-12 22:19:05'),(44,'view_any_submission','web','2025-05-12 22:19:05','2025-05-12 22:19:05'),(45,'create_submission','web','2025-05-12 22:19:05','2025-05-12 22:19:05'),(46,'update_submission','web','2025-05-12 22:19:05','2025-05-12 22:19:05'),(47,'restore_submission','web','2025-05-12 22:19:05','2025-05-12 22:19:05'),(48,'restore_any_submission','web','2025-05-12 22:19:05','2025-05-12 22:19:05'),(49,'replicate_submission','web','2025-05-12 22:19:05','2025-05-12 22:19:05'),(50,'reorder_submission','web','2025-05-12 22:19:05','2025-05-12 22:19:05'),(51,'delete_submission','web','2025-05-12 22:19:05','2025-05-12 22:19:05'),(52,'delete_any_submission','web','2025-05-12 22:19:05','2025-05-12 22:19:05'),(53,'force_delete_submission','web','2025-05-12 22:19:05','2025-05-12 22:19:05'),(54,'force_delete_any_submission','web','2025-05-12 22:19:05','2025-05-12 22:19:05'),(55,'view_user','web','2025-05-12 22:19:05','2025-05-12 22:19:05'),(56,'view_any_user','web','2025-05-12 22:19:05','2025-05-12 22:19:05'),(57,'create_user','web','2025-05-12 22:19:05','2025-05-12 22:19:05'),(58,'update_user','web','2025-05-12 22:19:05','2025-05-12 22:19:05'),(59,'restore_user','web','2025-05-12 22:19:05','2025-05-12 22:19:05'),(60,'restore_any_user','web','2025-05-12 22:19:05','2025-05-12 22:19:05'),(61,'replicate_user','web','2025-05-12 22:19:05','2025-05-12 22:19:05'),(62,'reorder_user','web','2025-05-12 22:19:05','2025-05-12 22:19:05'),(63,'delete_user','web','2025-05-12 22:19:05','2025-05-12 22:19:05'),(64,'delete_any_user','web','2025-05-12 22:19:05','2025-05-12 22:19:05'),(65,'force_delete_user','web','2025-05-12 22:19:05','2025-05-12 22:19:05'),(66,'force_delete_any_user','web','2025-05-12 22:19:05','2025-05-12 22:19:05');
/*!40000 ALTER TABLE `permissions` ENABLE KEYS */;
UNLOCK TABLES;

--
-- Table structure for table `reactions`
--

DROP TABLE IF EXISTS `reactions`;
/*!40101 SET @saved_cs_client     = @@character_set_client */;
/*!50503 SET character_set_client = utf8mb4 */;
CREATE TABLE `reactions` (
  `id` bigint unsigned NOT NULL AUTO_INCREMENT,
  `owner_type` varchar(255) COLLATE utf8mb4_unicode_ci NOT NULL,
  `owner_id` bigint unsigned NOT NULL,
  `comment_id` bigint unsigned NOT NULL,
  `type` varchar(255) COLLATE utf8mb4_unicode_ci NOT NULL,
  `created_at` timestamp NULL DEFAULT NULL,
  `updated_at` timestamp NULL DEFAULT NULL,
  PRIMARY KEY (`id`),
  KEY `reactions_owner_type_owner_id_index` (`owner_type`,`owner_id`)
) ENGINE=InnoDB AUTO_INCREMENT=11 DEFAULT CHARSET=utf8mb4 COLLATE=utf8mb4_unicode_ci;
/*!40101 SET character_set_client = @saved_cs_client */;

--
-- Dumping data for table `reactions`
--

LOCK TABLES `reactions` WRITE;
/*!40000 ALTER TABLE `reactions` DISABLE KEYS */;
INSERT INTO `reactions` VALUES (1,'LakM\\Comments\\Models\\Guest',1,1,'like','2025-05-18 06:49:58','2025-05-18 06:49:58'),(3,'App\\Models\\User',3,3,'happy','2025-05-18 07:04:08','2025-05-18 07:04:08'),(4,'App\\Models\\User',3,3,'love','2025-05-18 07:04:08','2025-05-18 07:04:08'),(6,'App\\Models\\User',3,2,'like','2025-05-18 07:05:48','2025-05-18 07:05:48'),(7,'App\\Models\\User',4,2,'sad','2025-05-18 07:16:30','2025-05-18 07:16:30'),(8,'App\\Models\\User',3,7,'happy','2025-05-18 08:35:29','2025-05-18 08:35:29'),(9,'App\\Models\\User',3,2,'happy','2025-05-18 08:35:30','2025-05-18 08:35:30'),(10,'App\\Models\\User',3,8,'dislike','2025-05-18 08:37:20','2025-05-18 08:37:20');
/*!40000 ALTER TABLE `reactions` ENABLE KEYS */;
UNLOCK TABLES;

--
-- Table structure for table `role_has_permissions`
--

DROP TABLE IF EXISTS `role_has_permissions`;
/*!40101 SET @saved_cs_client     = @@character_set_client */;
/*!50503 SET character_set_client = utf8mb4 */;
CREATE TABLE `role_has_permissions` (
  `permission_id` bigint unsigned NOT NULL,
  `role_id` bigint unsigned NOT NULL,
  PRIMARY KEY (`permission_id`,`role_id`),
  KEY `role_has_permissions_role_id_foreign` (`role_id`),
  CONSTRAINT `role_has_permissions_permission_id_foreign` FOREIGN KEY (`permission_id`) REFERENCES `permissions` (`id`) ON DELETE CASCADE,
  CONSTRAINT `role_has_permissions_role_id_foreign` FOREIGN KEY (`role_id`) REFERENCES `roles` (`id`) ON DELETE CASCADE
) ENGINE=InnoDB DEFAULT CHARSET=utf8mb4 COLLATE=utf8mb4_unicode_ci;
/*!40101 SET character_set_client = @saved_cs_client */;

--
-- Dumping data for table `role_has_permissions`
--

LOCK TABLES `role_has_permissions` WRITE;
/*!40000 ALTER TABLE `role_has_permissions` DISABLE KEYS */;
INSERT INTO `role_has_permissions` VALUES (1,1),(2,1),(3,1),(4,1),(5,1),(6,1),(7,1),(8,1),(9,1),(10,1),(11,1),(12,1),(13,1),(14,1),(15,1),(16,1),(17,1),(18,1),(19,1),(20,1),(21,1),(22,1),(23,1),(24,1),(25,1),(26,1),(27,1),(28,1),(29,1),(30,1),(31,1),(32,1),(33,1),(34,1),(35,1),(36,1),(37,1),(38,1),(39,1),(40,1),(41,1),(42,1),(43,1),(44,1),(45,1),(46,1),(47,1),(48,1),(49,1),(50,1),(51,1),(52,1),(53,1),(54,1),(55,1),(56,1),(57,1),(58,1),(59,1),(60,1),(61,1),(62,1),(63,1),(64,1),(65,1),(66,1),(7,2),(8,2),(9,2),(19,2),(20,2),(21,2),(22,2),(31,2),(32,2),(34,2),(43,2),(44,2),(45,2),(51,2),(7,3),(8,3),(9,3),(10,3),(11,3),(12,3),(13,3),(14,3),(15,3),(16,3),(17,3),(18,3),(19,3),(20,3),(21,3),(22,3),(23,3),(24,3),(25,3),(26,3),(27,3),(28,3),(29,3),(30,3),(31,3),(32,3),(33,3),(34,3),(35,3),(36,3),(37,3),(38,3),(39,3),(40,3),(41,3),(42,3),(43,3),(44,3),(45,3),(46,3),(47,3),(48,3),(49,3),(50,3),(51,3),(52,3),(53,3),(54,3);
/*!40000 ALTER TABLE `role_has_permissions` ENABLE KEYS */;
UNLOCK TABLES;

--
-- Table structure for table `roles`
--

DROP TABLE IF EXISTS `roles`;
/*!40101 SET @saved_cs_client     = @@character_set_client */;
/*!50503 SET character_set_client = utf8mb4 */;
CREATE TABLE `roles` (
  `id` bigint unsigned NOT NULL AUTO_INCREMENT,
  `name` varchar(255) COLLATE utf8mb4_unicode_ci NOT NULL,
  `guard_name` varchar(255) COLLATE utf8mb4_unicode_ci NOT NULL,
  `created_at` timestamp NULL DEFAULT NULL,
  `updated_at` timestamp NULL DEFAULT NULL,
  PRIMARY KEY (`id`),
  UNIQUE KEY `roles_name_guard_name_unique` (`name`,`guard_name`)
) ENGINE=InnoDB AUTO_INCREMENT=4 DEFAULT CHARSET=utf8mb4 COLLATE=utf8mb4_unicode_ci;
/*!40101 SET character_set_client = @saved_cs_client */;

--
-- Dumping data for table `roles`
--

LOCK TABLES `roles` WRITE;
/*!40000 ALTER TABLE `roles` DISABLE KEYS */;
INSERT INTO `roles` VALUES (1,'super_admin','web','2025-05-12 22:18:02','2025-05-12 22:18:02'),(2,'mahasiswa','web','2025-05-12 22:21:17','2025-05-12 22:21:17'),(3,'dosen','web','2025-05-12 23:44:36','2025-05-12 23:44:36');
/*!40000 ALTER TABLE `roles` ENABLE KEYS */;
UNLOCK TABLES;

--
-- Table structure for table `rooms`
--

DROP TABLE IF EXISTS `rooms`;
/*!40101 SET @saved_cs_client     = @@character_set_client */;
/*!50503 SET character_set_client = utf8mb4 */;
CREATE TABLE `rooms` (
  `id` bigint unsigned NOT NULL AUTO_INCREMENT,
  `name` varchar(255) COLLATE utf8mb4_unicode_ci NOT NULL,
  `description` text COLLATE utf8mb4_unicode_ci,
  `created_by` bigint unsigned NOT NULL,
  `created_at` timestamp NULL DEFAULT NULL,
  `updated_at` timestamp NULL DEFAULT NULL,
  `instruction` text COLLATE utf8mb4_unicode_ci,
  `file_path` varchar(255) COLLATE utf8mb4_unicode_ci DEFAULT NULL,
  PRIMARY KEY (`id`),
  KEY `rooms_created_by_foreign` (`created_by`),
  CONSTRAINT `rooms_created_by_foreign` FOREIGN KEY (`created_by`) REFERENCES `users` (`id`)
) ENGINE=InnoDB AUTO_INCREMENT=6 DEFAULT CHARSET=utf8mb4 COLLATE=utf8mb4_unicode_ci;
/*!40101 SET character_set_client = @saved_cs_client */;

--
-- Dumping data for table `rooms`
--

LOCK TABLES `rooms` WRITE;
/*!40000 ALTER TABLE `rooms` DISABLE KEYS */;
INSERT INTO `rooms` VALUES (1,'Ruang Kolaborasi Biologi','Ruang Kolaborasi Biologi',1,'2025-05-12 04:02:06','2025-05-12 04:02:06',NULL,NULL),(2,'Room Indo',NULL,1,'2025-05-12 17:11:32','2025-05-12 17:11:32',NULL,NULL),(3,'Ruang Kolaborasi Biologi - A','Deskripsi Ruang Kolaborasi Biologi - A',3,'2025-05-12 23:57:43','2025-05-12 23:57:43','<p><strong>INI INSTRUKSI</strong></p><p>Pengerjaan harus <em>miring</em></p>','rooms/01JV46YPRRMHR0PTYTPX000S48.pdf'),(4,'Identifikasi Ikan','Ikan ?',3,'2025-05-18 08:05:11','2025-05-18 08:05:11','<p><strong>WOI IKANNN &nbsp;</strong><i><strong>ikan ?</strong></i></p>','files/6829f727cdd7e.docx'),(5,'apa','apaaaaaaaaaaaaaaaaa',3,'2025-05-18 09:12:33','2025-05-18 09:12:33','<p>haaaaaaaaaaaa</p>','files/682a06f1a951a.docx');
/*!40000 ALTER TABLE `rooms` ENABLE KEYS */;
UNLOCK TABLES;

--
-- Table structure for table `sessions`
--

DROP TABLE IF EXISTS `sessions`;
/*!40101 SET @saved_cs_client     = @@character_set_client */;
/*!50503 SET character_set_client = utf8mb4 */;
CREATE TABLE `sessions` (
  `id` varchar(255) COLLATE utf8mb4_unicode_ci NOT NULL,
  `user_id` bigint unsigned DEFAULT NULL,
  `ip_address` varchar(45) COLLATE utf8mb4_unicode_ci DEFAULT NULL,
  `user_agent` text COLLATE utf8mb4_unicode_ci,
  `payload` longtext COLLATE utf8mb4_unicode_ci NOT NULL,
  `last_activity` int NOT NULL,
  PRIMARY KEY (`id`),
  KEY `sessions_user_id_index` (`user_id`),
  KEY `sessions_last_activity_index` (`last_activity`)
) ENGINE=InnoDB DEFAULT CHARSET=utf8mb4 COLLATE=utf8mb4_unicode_ci;
/*!40101 SET character_set_client = @saved_cs_client */;

--
-- Dumping data for table `sessions`
--

LOCK TABLES `sessions` WRITE;
/*!40000 ALTER TABLE `sessions` DISABLE KEYS */;
INSERT INTO `sessions` VALUES ('B8rK2k3n9UaNZhVgkAlDv7k16o4lvrmhp1vjDQxi',1,'127.0.0.1','Mozilla/5.0 (X11; Linux x86_64; rv:136.0) Gecko/20100101 Firefox/136.0','YTo0OntzOjY6Il90b2tlbiI7czo0MDoiM202M2U2ZXJRdXdUTTB2V0FiU2xKWG9JcEp0ckI1cUFoRklTczg4WiI7czo5OiJfcHJldmlvdXMiO2E6MTp7czozOiJ1cmwiO3M6MzE6Imh0dHA6Ly9sb2NhbGhvc3Q6ODAwMC9kYXNoYm9hcmQiO31zOjY6Il9mbGFzaCI7YToyOntzOjM6Im9sZCI7YTowOnt9czozOiJuZXciO2E6MDp7fX1zOjUwOiJsb2dpbl93ZWJfNTliYTM2YWRkYzJiMmY5NDAxNTgwZjAxNGM3ZjU4ZWE0ZTMwOTg5ZCI7aToxO30=',1747661876);
/*!40000 ALTER TABLE `sessions` ENABLE KEYS */;
UNLOCK TABLES;

--
-- Table structure for table `submissions`
--

DROP TABLE IF EXISTS `submissions`;
/*!40101 SET @saved_cs_client     = @@character_set_client */;
/*!50503 SET character_set_client = utf8mb4 */;
CREATE TABLE `submissions` (
  `id` bigint unsigned NOT NULL AUTO_INCREMENT,
  `group_id` bigint unsigned NOT NULL,
  `user_id` bigint unsigned NOT NULL,
  `file_path` varchar(255) COLLATE utf8mb4_unicode_ci NOT NULL,
  `description` text COLLATE utf8mb4_unicode_ci,
  `created_at` timestamp NULL DEFAULT NULL,
  `updated_at` timestamp NULL DEFAULT NULL,
  PRIMARY KEY (`id`),
  KEY `submissions_group_id_foreign` (`group_id`),
  KEY `submissions_user_id_foreign` (`user_id`),
  CONSTRAINT `submissions_group_id_foreign` FOREIGN KEY (`group_id`) REFERENCES `groups` (`id`),
  CONSTRAINT `submissions_user_id_foreign` FOREIGN KEY (`user_id`) REFERENCES `users` (`id`)
) ENGINE=InnoDB AUTO_INCREMENT=8 DEFAULT CHARSET=utf8mb4 COLLATE=utf8mb4_unicode_ci;
/*!40101 SET character_set_client = @saved_cs_client */;

--
-- Dumping data for table `submissions`
--

LOCK TABLES `submissions` WRITE;
/*!40000 ALTER TABLE `submissions` DISABLE KEYS */;
INSERT INTO `submissions` VALUES (3,3,2,'submissions/01JV4FM9M5MM3BBJMG9CVAM5Y5.pdf','Test','2025-05-13 02:29:19','2025-05-13 02:29:19'),(4,3,2,'submissions/01JV4FNQCNY10CAY9N40MWJD0X.png','test 2','2025-05-13 02:30:06','2025-05-13 02:30:06'),(5,3,4,'submissions/01JV4G3H45K6SAMN2HQE00YTDE.png','tes','2025-05-13 02:37:38','2025-05-13 02:37:38'),(6,4,3,'submissions/rt7Bbv1Wuv1IgxlkGtXgJnDkTTgmXXFKOlzdBWbb.docx','OKEEE','2025-05-18 09:05:56','2025-05-18 09:05:56'),(7,6,3,'submissions/mvMF14ARQwhWvn0iWvHsfdMpt3d82UTFJQ0DbKzO.docx','bismillllahhhhhhhhhhhhhhhhh','2025-05-18 09:13:41','2025-05-18 09:13:41');
/*!40000 ALTER TABLE `submissions` ENABLE KEYS */;
UNLOCK TABLES;

--
-- Table structure for table `users`
--

DROP TABLE IF EXISTS `users`;
/*!40101 SET @saved_cs_client     = @@character_set_client */;
/*!50503 SET character_set_client = utf8mb4 */;
CREATE TABLE `users` (
  `id` bigint unsigned NOT NULL AUTO_INCREMENT,
  `name` varchar(255) COLLATE utf8mb4_unicode_ci NOT NULL,
  `email` varchar(255) COLLATE utf8mb4_unicode_ci NOT NULL,
  `email_verified_at` timestamp NULL DEFAULT NULL,
  `password` varchar(255) COLLATE utf8mb4_unicode_ci NOT NULL,
  `remember_token` varchar(100) COLLATE utf8mb4_unicode_ci DEFAULT NULL,
  `created_at` timestamp NULL DEFAULT NULL,
  `updated_at` timestamp NULL DEFAULT NULL,
  PRIMARY KEY (`id`),
  UNIQUE KEY `users_email_unique` (`email`)
) ENGINE=InnoDB AUTO_INCREMENT=9 DEFAULT CHARSET=utf8mb4 COLLATE=utf8mb4_unicode_ci;
/*!40101 SET character_set_client = @saved_cs_client */;

--
-- Dumping data for table `users`
--

LOCK TABLES `users` WRITE;
/*!40000 ALTER TABLE `users` DISABLE KEYS */;
INSERT INTO `users` VALUES (1,'admin','admin@mail.com',NULL,'$2y$12$E9tkANdqjkJBqv1sJZHOYO2Q/1HkG8KNsIlUVMqQOWX5WjOQ.igry',NULL,'2025-05-12 03:54:28','2025-05-12 03:54:28'),(2,'Ridho Pujiono','ridho@mail.com',NULL,'$2y$12$cLOJbZaHNx1UlNvBn5q1A.PT97Y1fcwJsVsWJp0FyflR2i5FCRhpW',NULL,'2025-05-12 22:16:28','2025-05-12 22:16:28'),(3,'Riska Andriani','riska@mail.com',NULL,'$2y$12$HcOvnE/iZdRYMA4VwwwBIO2.DrHn2DjW7.vvjJ5ga5XAcXs24IYOq','DockJZX2Ugodmh31Ebqa5kuZ9rhs1EOIFSB7iZuFyQA64uLePXn7kyUWQ7jP','2025-05-12 23:45:22','2025-05-12 23:45:22'),(4,'Nurul Hidayah','nurul@mail.com',NULL,'$2y$12$lAuEXHHdKqlGIku3EfXm2u8Wpym9Hv09p1FywAwKx9Cp68cd4JqrS',NULL,'2025-05-13 01:53:50','2025-05-13 01:53:50'),(5,'Mifta','mifta@mail.com',NULL,'$2y$12$G.b3iAef1MMrc.lreLIvAOZfsbKQ8R.ZI9gyMN5YUVq9XPSyB5BTC',NULL,'2025-05-13 02:34:39','2025-05-13 02:34:39'),(8,'Irdq','irda@mail.com',NULL,'$2y$12$xtQx2le7CXfy1EIrgc5hR.Gz7ECwOgEUhNcz0kVOFxiPZPwUlZr9S',NULL,'2025-05-19 06:14:12','2025-05-19 06:14:12');
/*!40000 ALTER TABLE `users` ENABLE KEYS */;
UNLOCK TABLES;

--
-- Dumping routines for database 'simple-lms'
--
/*!40103 SET TIME_ZONE=@OLD_TIME_ZONE */;

/*!40101 SET SQL_MODE=@OLD_SQL_MODE */;
/*!40014 SET FOREIGN_KEY_CHECKS=@OLD_FOREIGN_KEY_CHECKS */;
/*!40014 SET UNIQUE_CHECKS=@OLD_UNIQUE_CHECKS */;
/*!40101 SET CHARACTER_SET_CLIENT=@OLD_CHARACTER_SET_CLIENT */;
/*!40101 SET CHARACTER_SET_RESULTS=@OLD_CHARACTER_SET_RESULTS */;
/*!40101 SET COLLATION_CONNECTION=@OLD_COLLATION_CONNECTION */;
/*!40111 SET SQL_NOTES=@OLD_SQL_NOTES */;

-- Dump completed on 2025-05-19 20:58:37
